{"cameraMode":{"drawMode":0,"name":"Shaded","section":"Shading Mode"},"sceneLighting":false,"audioPlay":false,"sceneViewState":{"m_AlwaysRefresh":true,"showFog":false,"showSkybox":true,"showFlares":true,"showImageEffects":true,"showParticleSystems":true,"showVisualEffectGraphs":true,"m_FxEnabled":true},"in2DMode":false,"pivot":{"x":4.161008834838867,"y":3.856020927429199,"z":-13.380046844482422},"rotation":{"x":-0.005999366287142038,"y":-0.013499289751052857,"z":-0.00008098788384813815,"w":0.9998919367790222},"size":12.12435531616211,"orthographic":false}